Date,000001.SS,HSI,KS11,BSESN,AXJO,GSPTSE,STI,NZ50,TWII,HKDCNY,KRWCNY,INRCNY,AUDCNY,CADCNY,SGDCNY,NZDCNY,TWDCNY
2020/9/14,2899.791992,23595.24023,2013.140015,18211.51953,4936.700195,14123.09961,3086.919922,3412.73999,8843.839844,0.844232381,0.005837446,0.145403674,6.653878702,6.681267917,5.153014102,4.988768267,0.223481208
2020/9/7,2878.564941,23012.36914,1963.430054,17700.91016,4836.5,14052.09961,3025.159912,3363.909912,8599.650391,0.84210997,0.005927743,0.144592503,6.635432477,6.684554666,5.148627434,4.933117631,0.220322196
2020/8/31,2942.305908,23408.85938,2004.680054,18486.44922,4864.299805,14252.7998,3061.310059,3418.110107,8784.400391,0.842597208,0.005820849,0.146318843,6.646410174,6.747275117,5.177027103,4.856001118,0.222869755
2020/8/24,2933.795898,23249.7793,1955.540039,18174.08984,4644.799805,13674.2998,3043.48999,3382.840088,8567.820313,0.842582956,0.005880717,0.145495457,6.57579438,6.732280343,5.155368814,4.822055983,0.222862478
2020/8/17,2906.88501,22300.23047,1981.130005,17878.81055,4626.399902,13789.59961,2935.780029,3339.51001,8394.75,0.841754515,0.00586451,0.145775811,6.463143284,6.672559782,5.141148474,4.745429385,0.222240283
2020/8/10,2977.813965,23158.66992,2054.040039,18815.64063,4742.600098,14039.40039,3070.840088,3388.610107,8610.389648,0.840475765,0.005823395,0.1468722,6.682820107,6.708828111,5.195345653,4.92000867,0.221937999
2020/8/3,2967.409912,23801.90039,2121.01001,19420.39063,4861.799805,14130.2002,3120.469971,3452.139893,8705.129883,0.840276168,0.005868879,0.14703037,6.75378224,6.739713391,5.186493146,4.971474169,0.222295923
2020/7/27,3030.020996,24396.07031,2127.969971,19451.44922,4940.600098,14208.40039,3187.310059,3445.27002,8894.540039,0.840707617,0.006018182,0.14817234,6.835646864,6.8144747,5.185208589,5.079997283,0.226025597
2020/7/20,3050.525879,24008.07031,2140.5,19386.82031,4852.100098,13799.09961,3153.300049,3452.689941,8718.120117,0.838985578,0.006040946,0.146864037,6.848597868,6.777166662,5.196097531,5.140819578,0.224722704
2020/7/13,3010.51709,24138.31055,2197.820068,19602.23047,4913.799805,13972,3194.72998,3492.399902,8969.429688,0.838766168,0.005980954,0.147202901,7.003181841,6.837234137,5.275038438,5.221768402,0.225830158
2020/7/6,2911.51001,23720.81055,2192.360107,19135.96094,4823.200195,13944.7998,3172.72998,3519.330078,9007.870117,0.836744128,0.006013425,0.146749437,7.111446695,6.841717376,5.299152359,5.227565102,0.226713168
2020/6/29,2863.885986,23159.14063,2147.449951,18518.81055,4743,13566.59961,3099.52002,3506.350098,8977.230469,0.834321956,0.006062634,0.14505816,6.87705437,6.711901908,5.231221965,5.105992657,0.227193401
2020/6/22,2871.031006,23276.26953,2120.080078,18531.2793,4711.399902,13377.2002,3163.679932,3535.790039,9006.610352,0.836131791,0.005933131,0.145347797,6.931659187,6.747552243,5.248344481,5.164917727,0.227538515
2020/6/15,2858.458984,23199.39063,2111.5,18326.08984,4732.200195,13652.2998,3168.540039,3577.439941,8837.030273,0.836721062,0.005964168,0.145016732,6.939746695,6.728043962,5.257032066,5.148013661,0.225715775
2020/6/8,2709.947021,23118.07031,2100.23999,18266.09961,4684,13797.59961,3135.52002,3527.959961,8810,0.833900795,0.0059708,0.143615844,6.896111394,6.628535905,5.222079003,5.252083745,0.224684082
2020/6/1,2728.02002,22949.56055,2113.469971,18376.48047,4583.100098,13517.90039,3145.669922,3514.76001,9046.280273,0.833586222,0.006003073,0.144834679,6.917790789,6.649025252,5.258939512,5.283455715,0.226039049
2020/5/25,2705.143066,22420.36914,2046.670044,18268.53906,4562.100098,13084,3078.350098,3490.629883,8837.820313,0.832080581,0.006035632,0.145201795,6.882040605,6.652969101,5.267181408,5.349855446,0.225526721
2020/5/18,2642.818115,21695.25977,2031.930054,17870.5293,4484.899902,12790,3005.280029,3469.590088,8636.099609,0.829585229,0.006040242,0.144508931,6.837842041,6.59669839,5.222231336,5.21760134,0.224246615
2020/5/11,2746.210938,22171.94922,2090.810059,18240.67969,4508.100098,12908.90039,3066.850098,3455.600098,8532.830078,0.830220144,0.005943173,0.144191755,6.813608551,6.614503683,5.238557912,5.268861155,0.224392785
2020/5/4,2759.362061,22398.09961,2125.73999,18762.80078,4591.200195,13300.90039,3139.01001,3475,8739.820313,0.830538533,0.005991665,0.144944279,6.927578512,6.706266682,5.266867551,5.354125049,0.224466053
2020/4/27,2797.772949,22726.42969,2180.350098,18858.03906,4654.700195,13371.7002,3151.280029,3456.139893,8749.549805,0.830763313,0.006083565,0.14583803,6.964718925,6.747025747,5.288776519,5.380326434,0.224401259
2020/4/20,2820.168945,21875.38086,2145.199951,18561.91992,4473.5,13299.5,3084.23999,3406.379883,8574.910156,0.826032305,0.006073507,0.144905405,6.900849678,6.70536775,5.288779275,5.418393415,0.223318304
2020/4/13,2770.790039,22444.80078,2171.22998,18722.30078,4602.899902,13494.59961,3182.949951,3449.219971,8765.320313,0.828092091,0.006090216,0.145632055,6.99198001,6.83588164,5.331817963,5.565476258,0.22401042
2020/4/6,2701.729004,22440.25,2133.209961,18197.19922,4424.600098,12945.59961,3189.26001,3395.629883,8644.179688,0.826873716,0.006243267,0.146398548,7.08730689,6.784961772,5.359786734,5.609437626,0.223792971
2020/3/30,2626.423096,20946.14063,1943.75,17305.86914,4105.399902,12162.2002,2994.780029,3276.51001,7853.129883,0.824002977,0.006093554,0.144240743,6.703585538,6.554297903,5.236923957,5.333831178,0.222415234
2020/3/23,2593.173096,19620.00977,1793.310059,16839.63086,4172.600098,12542.2002,2850.590088,3216.5,7637.02002,0.818923694,0.006043943,0.140909188,6.598089338,6.475446318,5.264538534,5.292917188,0.220075854
2020/3/16,2534.35791,19399.91992,1744.880005,16141.66992,4101.899902,12007.5,2733.629883,3267.840088,7342.959961,0.819540632,0.00605535,0.139739662,6.62975034,6.448242144,5.248561848,5.256768517,0.225906274
2020/3/9,2612.187988,19582.88086,1778.949951,15848.83008,4200,12327.5,2748.179932,3295.629883,7445.100098,0.819819318,0.00586602,0.138882854,6.672304956,6.466956915,5.278374169,5.292363839,0.220344823
2020/3/2,2528.280029,20212.91016,1867.75,16821.46094,4242.899902,12602.40039,2843.090088,3303.219971,7757.060059,0.819863812,0.005927949,0.139628007,6.842381824,6.537909692,5.299833939,5.43619023,0.220566885
2020/2/24,2497.75293,19866.63086,1812.930054,16866.9707,4194.700195,12387.5,2825.389893,3323.929932,7610.569824,0.818609895,0.00597806,0.13830479,6.767507593,6.456378879,5.255354353,5.330882554,0.219772648
2020/2/17,2482.343018,19455.31055,1840.099976,16933.83008,4149.399902,12263.7002,2789.040039,3292.679932,7577.399902,0.820025679,0.0059089,0.134484211,6.59624377,6.486596382,5.146217739,5.258046008,0.216322379
2020/2/10,2433.158936,17668.83008,1697.439941,16162.05957,3903.199951,11462.90039,2698.800049,3282.709961,7046.220215,0.817960375,0.005710548,0.128969335,6.230956494,6.206711896,4.894898016,4.996476306,0.209815846
2020/2/3,2359.218994,17592.41016,1769.650024,16453.75977,4008.600098,11623.7998,2675.159912,3343.350098,7225.379883,0.819793062,0.005499637,0.130730653,6.237184004,6.157813573,4.923384016,4.91308342,0.209426223
2020/1/27,2359.218994,17707.00977,1759.77002,16232.54004,4162.899902,11588.40039,2640.300049,3383.639893,7211.959961,0.818511285,0.005362698,0.129873569,6.204578845,6.138203081,4.90149307,4.896970555,0.208614471
2020/1/20,2431.375,18501.78906,1835.400024,17082.68945,4205.600098,12081.7002,2744.169922,3302.469971,7358.080078,0.820487784,0.005482138,0.129715445,6.480305925,6.236684953,4.996476919,5.055049115,0.210835807
2020/1/13,2317.274902,18025.7207,1838.380005,16785.64063,4141.899902,11949.5,2712.409912,3281.159912,7254.509766,0.819250044,0.005525131,0.127811876,6.519586841,6.27110867,5.008212789,5.056093067,0.211787975
2020/1/6,2473.409912,20019.24023,1929.47998,17804.80078,4353.299805,12519.5,2905.719971,3325.600098,7616.060059,0.818882847,0.005540431,0.127756577,6.804373157,6.411652336,5.118693297,5.228935205,0.211750994
2019/12/30,2528.293945,19842.78906,1928.410034,17562.60938,4281.100098,12408.2998,2848.23999,3331.790039,7603.22998,0.81619568,0.005743859,0.129257051,6.605127879,6.289983004,5.017371516,5.048415105,0.215222179
2019/12/23,2481.083984,19137.16992,1863.449951,17192.82031,4296.5,12276.90039,2790.939941,3322.01001,7367.290039,0.815841264,0.005737688,0.127041638,6.444047406,6.24501891,4.919392456,4.934691419,0.209957004
2019/12/16,2416.562012,18491.23047,1839.170044,16371.50977,4177,11892.40039,2730.340088,3250.889893,7233.779785,0.814209415,0.00563706,0.124458266,6.330770584,6.160400352,4.887390131,4.811001499,0.214902048
2019/12/9,2380.224121,17689.48047,1776.400024,15695.42969,3984.300049,11462.09961,2643.929932,3212.27002,6784.52002,0.814840939,0.005583847,0.122015635,6.167475985,6.063281106,4.854424736,4.709741979,0.213896094
2019/12/2,2360.664063,19040.39063,1916.040039,16846.83008,4288,12075.09961,2773.360107,3282.389893,7140.680176,0.819840888,0.00551005,0.12417154,6.512027374,6.280626638,4.9657001,4.966087375,0.211909514
2019/11/25,2315.27002,18586.23047,1874.75,16213.45996,4203,12034.7998,2694.600098,3271.459961,6893.299805,0.817279229,0.005649595,0.122920695,6.468259002,6.216374772,4.912267232,4.910369574,0.210744483
2019/11/18,2224.840088,18285.39063,1839.959961,15491.34961,4159.200195,11635.40039,2659.219971,3245.340088,6785.089844,0.819077972,0.005563629,0.119770725,6.333731315,6.167618358,4.880159472,4.817446316,0.210260649
2019/11/11,2204.783936,18629.16992,1867.219971,15738.7002,4140.399902,11926.7002,2676.469971,3215.5,7110.72998,0.81241887,0.00546853,0.120396119,6.406696478,6.19196867,4.886381237,4.894325253,0.208991736
2019/11/4,2199.416992,18434.39063,1825.73999,15454.91992,4056.600098,11955.09961,2646.350098,3274.709961,7072.080078,0.812397778,0.005495139,0.119037736,6.440252752,6.171982122,4.867679898,4.90896343,0.208638548
2019/10/28,2163.39502,18593.06055,1843.140015,15867.73047,4108.5,12188.59961,2715.590088,3253.429932,7120.509766,0.811213834,0.005436382,0.119594476,6.424156928,6.1182981,4.859897912,4.91219577,0.206368548
2019/10/21,2244.580078,19204.41992,1875.680054,16154.62012,4195.899902,12231.09961,2791.540039,3227.459961,7181.540039,0.810619417,0.005408264,0.122411684,6.473703508,6.145976478,4.870426046,4.996825477,0.207831303
2019/10/14,2319.11792,20110.36914,1949.890015,16739.00977,4239.600098,12397.09961,2849.379883,3276.459961,7233.689941,0.814889277,0.005483428,0.125930356,6.621508424,6.229291753,4.969825513,5.094321665,0.210925466
2019/10/7,2330.405029,20756.98047,1972.339966,17604.96094,4251.200195,12577.2998,2917.949951,3312.22998,7674.990234,0.813089985,0.005636402,0.129585019,6.778153954,6.343158185,5.070124589,5.259176005,0.213936208
2019/9/30,2351.980957,20783.85938,1993.709961,17748.68945,4245.299805,12389.40039,2960,3348.129883,7862.27002,0.811473297,0.005651383,0.127516059,6.738657657,6.293300152,5.008635318,5.229165074,0.212899197
2019/9/23,2357.180908,21491.61914,2023.469971,18289.34961,4195.899902,12458.2998,3000.590088,3289,7894.359863,0.812205782,0.005630054,0.127693736,6.805787819,6.349871788,5.038079834,5.307711831,0.213261078
2019/9/16,2439.626953,21406.85938,2019.890015,17923.57031,4306.799805,12725.7998,2978.080078,3319.76001,7959.339844,0.81209943,0.005629607,0.12849127,6.731626281,6.297100067,5.018409514,5.264693725,0.213316395
2019/9/9,2460.693115,21562.25977,2034.630005,17636.80078,4273.100098,12643.7998,2993.48999,3375.810059,8144.040039,0.811827342,0.005611874,0.127194146,6.760043383,6.366425673,5.02705715,5.228189529,0.213940211
2019/9/2,2439.461914,21086,2018.300049,17503.24023,4212,12503.59961,2963.149902,3433.820068,8016.009766,0.81355955,0.005761669,0.12602999,6.667265506,6.369387151,5.021643785,5.168468553,0.214649661
2019/8/26,2404.736084,21317.84961,2034.439941,17466.19922,4276.200195,12497,3010.679932,3505.02002,8054.939941,0.814510427,0.005665229,0.126120524,6.704983767,6.379070359,5.028871441,5.228479132,0.214332209
2019/8/19,2349.539063,20668.80078,2026.829956,17361.74023,4270.399902,12465.7002,2990.080078,3449.300049,8076.609863,0.811663786,0.005603634,0.123188321,6.60273379,6.317799148,5.000238021,5.158605397,0.213381845
2019/8/12,2262.788086,20555.58008,2014.040039,17404.19922,4335.200195,12392.2002,3010.459961,3509.550049,7933,0.810948675,0.005685107,0.123767402,6.574080978,6.322239453,5.026586764,5.183435158,0.213561747
2019/8/5,2306.552002,20593,2029.030029,17486.01953,4319.799805,12103.09961,2986.199951,3467.97998,7706.259766,0.812098327,0.005580544,0.123561219,6.48541052,6.314527767,5.00015824,5.160147033,0.213825021
2019/7/29,2359.160889,20701.03906,2008.910034,17094.50977,4323.299805,12040.40039,2987.820068,3487.169922,7788.27002,0.811686499,0.005586503,0.122193125,6.526226802,6.29820013,5.052302238,5.18583826,0.213715652
2019/7/22,2406.863037,21010.64063,1974.650024,17373.83984,4366.5,12147.2998,2994.47998,3516.22998,7507.149902,0.812713412,0.005632062,0.121128139,6.542156358,6.350419593,5.051986672,5.158596616,0.214156192
2019/7/15,2396.315918,20741.44922,1975.349976,17134.25,4362.100098,12237.7998,2981.580078,3531.659912,7480.5,0.814310916,0.005547485,0.120261906,6.608982869,6.437103584,5.106950927,5.198551845,0.216603352
2019/7/8,2452.013916,21086,1989.150024,16831.08008,4396,11871.2002,2990.590088,3549.780029,7700.950195,0.810591388,0.005561244,0.117659162,6.370245894,6.303581727,5.032397253,4.986920188,0.215740738
2019/7/1,2394.981934,19964.63086,1917.130005,16292.98047,4285.100098,11694.7002,2887.340088,3548.060059,7401.370117,0.811336701,0.005626079,0.117479678,6.309096082,6.288880275,5.030099559,4.917037558,0.214657578
2019/6/24,2344.520996,18951.84961,1782.459961,16152.75,4046.5,11280.59961,2779.100098,3501.439941,7151.189941,0.814547279,0.005510033,0.116250137,6.217908254,6.184233338,4.964762249,4.782716908,0.214226201
2019/6/17,2333.552979,18713.41016,1824.170044,16217.82031,4029.199951,11576.5,2772.75,3486.22998,7071.629883,0.816706169,0.005426698,0.114499351,6.227505066,6.180152336,4.971065598,4.814764329,0.214031057
2019/6/10,2373.436035,18558.33984,1834.51001,15965.16016,4063.899902,11361.2002,2745.709961,3452,7106.089844,0.820795333,0.005477942,0.114690845,6.153110545,6.113483525,4.929268989,4.790688865,0.22046587
2019/6/3,2281.447021,18502.33984,1835.640015,16718.86914,4063.699951,11500.59961,2737.889893,3449.469971,6999.649902,0.821656453,0.005379656,0.115016784,6.363817836,6.233314173,4.998039632,4.950679524,0.213248585
2019/5/27,2306.850098,19233.93945,1858.160034,16949.83008,4057.300049,11524.90039,2811,3447.070068,7155.830078,0.820658916,0.005615694,0.114952698,6.438467307,6.239098938,5.031610432,5.045166496,0.213228398
2019/5/20,2260.876953,18995.13086,1847.390015,16972.50977,4048.199951,11435.5,2828.090088,3399.199951,7222.049805,0.820086628,0.005625953,0.111421971,6.388219664,6.199298632,4.981176474,5.019481328,0.212849505
2019/5/13,2225.429932,19441.46094,1854.01001,17429.98047,4094.600098,11596.59961,2878.449951,3399.830078,7296.279785,0.81916895,0.005477493,0.114487511,6.50945507,6.241982089,5.018956186,5.087590269,0.21323491
2019/5/6,2223.579102,19800.64063,1858.199951,17521.11914,4157.799805,11660,2978.550049,3478.699951,7368.589844,0.82090015,0.005709226,0.114881865,6.49780995,6.246062722,5.001571615,5.07964857,0.212798395
2019/4/22,2185.89502,19092.63086,1812.890015,17213.69922,4082.199951,11514.5,2995.560059,3495.409912,7104.27002,0.824301499,0.005677162,0.115949071,6.551081003,6.305552439,5.058311346,5.102314127,0.213676467
2019/4/15,2168.637939,19640.80078,1822.930054,17158.43945,4199.100098,11622.90039,3015.530029,3463.699951,7164.680176,0.821793796,0.005691803,0.11522108,6.596906895,6.284187085,5.06842654,5.080748863,0.212885761
2019/4/8,2128.764893,19274.96094,1829.160034,16839.18945,4209.799805,11766.40039,2998.48999,3501.290039,7124.490234,0.822612522,0.005576819,0.115493767,6.68083612,6.356010928,5.11724876,5.166221025,0.212835219
2019/4/1,2132.795898,19666.17969,1848.680054,17197.92969,4221.5,11662.59961,3051.330078,3548,7217.509766,0.821672065,0.005715236,0.114291094,6.734773758,6.360052198,5.131023657,5.217409001,0.212880052
2019/3/25,2168.813965,20136.11914,1946.400024,17557.74023,4277.299805,11890.90039,3054.199951,3577.800049,7441.120117,0.81982723,0.005793413,0.115043956,6.715736899,6.414092886,5.111277144,5.166883078,0.212475768
2019/3/18,2114.891113,20116.07031,1946.540039,17691.08008,4370.100098,12089.90039,3062.110107,3639.659912,7467.919922,0.819797911,0.005748084,0.114098836,6.629998432,6.431621244,5.074863685,5.13403323,0.212162167
2019/3/11,2092.104004,19880.0293,1919.810059,17783.21094,4349,12082.2002,3050.48999,3622.590088,7477.529785,0.819350469,0.005598579,0.114505029,6.621584007,6.409453757,5.083840179,5.166084182,0.21232209
2019/3/4,2047.521973,19482.57031,1905.119995,17380.75,4316.100098,11949.2998,3025.459961,3666.679932,7397.060059,0.818576859,0.005707571,0.114355705,6.538548796,6.433236586,5.087342806,5.085957324,0.21261889
2019/2/25,2127.761963,19802.16016,1929.579956,17683.73047,4325.799805,12268,3011.699951,3722.179932,7424.910156,0.817832523,0.005600604,0.114576029,6.576767082,6.484145271,5.13870203,5.142034829,0.213774856
2019/2/18,2123.846924,20629.7793,2007.579956,18464.26953,4390,12499.5,3070.419922,3792.340088,7738.049805,0.814823908,0.005753603,0.116315518,6.655461294,6.500750657,5.176251896,5.236464823,0.215479364
2019/2/11,2026.689941,20734.93945,2002.369995,18752.83008,4408.299805,12383.59961,3078.22998,3809.570068,7754.589844,0.813427078,0.005644318,0.118192207,6.588418716,6.453437974,5.151106607,5.225370708,0.21545951
2019/2/4,2086.168945,20840.38086,1996.209961,18762.74023,4387,12317.5,3060.340088,3834.149902,7715.160156,0.810612117,0.005612237,0.118920299,6.509134648,6.385255319,5.120043431,5.206876332,0.214568102
2019/1/28,2104.931885,21136.42969,1933.26001,18675.17969,4486.600098,12202,3041.75,3896.659912,7437.040039,0.808346775,0.005789692,0.118665606,6.409865712,6.391844712,5.12757784,5.107515678,0.220250282
2019/1/21,2128.302002,21551.75977,1943.839966,18682.31055,4571.100098,12416,3048.919922,3988.159912,7408.759766,0.806903224,0.00562815,0.116154015,6.454826024,6.286643071,5.118268244,5.097823561,0.214307742
2019/1/14,2066.208984,21545.57031,1891.430054,18625.33984,4472.399902,12300.2998,3057.51001,3983.780029,7134.060059,0.808030801,0.005667472,0.116949281,6.482211784,6.26240015,5.127231075,5.140699539,0.214392343
2019/1/7,2117.045898,22111.33008,1918.719971,18755.44922,4460.100098,12380.40039,3040.75,3914.080078,7210.470215,0.805778147,0.005838795,0.116055235,6.460145843,6.269678433,5.101879144,5.149843244,0.214006165
2018/12/31,2069.066895,21384.38086,1904.410034,18683.67969,4462,12196.7998,3009.560059,3957.919922,7293.220215,0.805705373,0.005720145,0.114396934,6.487460331,6.244699955,5.103963945,5.085674446,0.215631911
2018/12/24,2014.724976,21159.00977,1860.829956,18309.36914,4336.799805,11877.7002,2945.629883,3947.840088,7130.069824,0.804954758,0.005902851,0.113125927,6.466918035,6.239799976,5.089435019,5.077962096,0.214278839
2018/12/17,2027.384033,21913.98047,1911.329956,18506.57031,4413,12213.2002,2989.280029,4008.340088,7326.009766,0.804022072,0.005714102,0.112391101,6.515097632,6.273672319,5.099346962,5.134135008,0.214134014
2018/12/10,1980.116943,22030.39063,1932.900024,19339.90039,4506,12239.40039,3069.949951,4050.090088,7580.169922,0.803456559,0.005884231,0.114760955,6.49243475,6.26468232,5.103852199,5.102179444,0.214344234
2018/12/3,2061.785889,22191.16992,1957.449951,19424.09961,4551.799805,12159.59961,3107.110107,4041.530029,7642.259766,0.803169098,0.005894507,0.114549669,6.523092456,6.304696998,5.09945928,5.186999913,0.214412673
2018/11/26,2150.625,22605.98047,1995.040039,19317.25,4583.100098,12296.7002,3168.429932,3979.169922,7698.77002,0.805846855,0.00576432,0.114721338,6.592214701,6.334504216,5.118471251,5.282693456,0.215129177
2018/11/19,2153.310059,22506.28906,1980.420044,19242,4623.600098,12385.7002,3163.560059,4054.73999,7519.930176,0.804472343,0.005960182,0.113668684,6.483262826,6.273780083,5.105642511,5.134656442,0.214760585
2018/11/12,2233.251953,22666.58984,1997.050049,19444.83984,4671.299805,12316.09961,3191.800049,4080.899902,7699.5,0.804365737,0.005798364,0.113871387,6.47858903,6.267843839,5.097955527,5.128989452,0.214844926
2018/11/5,2276.991943,23331.08984,2011.939941,19784.08008,4723.799805,12540.7998,3225.219971,4075.040039,7805.990234,0.803870176,0.005999972,0.113529521,6.53866778,6.317101462,5.08019204,5.18215119,0.214696765
2018/10/29,2242.99707,23264.07031,1996.670044,19663.64063,4709.5,12602.2002,3216.5,4131.75,7819.149902,0.801923734,0.006017282,0.113293721,6.549504242,6.313170159,5.064815518,5.204018302,0.21494467
2018/10/22,2317.070068,23601.7793,1987.849976,20039.03906,4771.200195,12725.7002,3211.219971,4164.180176,7732.870117,0.800438561,0.006062676,0.115475085,6.518893486,6.254421908,5.058200332,5.189763262,0.214645452
2018/10/15,2291.303955,23580.42969,1946.689941,20103.5293,4835.200195,12816.59961,3269.310059,4199.819824,7672.580078,0.802116632,0.005989379,0.115619135,6.477498674,6.170445349,5.03183592,5.198946515,0.213069543
2018/10/8,2419.02002,23721.83984,1957.790039,19781.18945,4921.100098,12768.7998,3291.139893,4245.930176,7855.970215,0.803217815,0.005800502,0.117194295,6.495210033,6.249091416,5.022896084,5.272404385,0.210557623
2018/10/1,2432.4021,23215.16016,1950.900024,19484.76953,4971.299805,12801.2002,3270.300049,4225.720215,7906.649902,0.806321015,0.005846649,0.116688433,6.458813337,6.229242135,5.05256099,5.224849634,0.210400406
2018/9/24,2314.164063,22782.43945,2018.890015,19317.00977,5018.100098,12701.59961,3288.129883,4214.600098,7947.720215,0.803756548,0.0059223,0.114863751,6.417872047,6.096046905,5.028514437,5.216736464,0.210679289
2018/9/17,2359.506104,22880.2207,2026.48999,18918.51953,5086.100098,12773.09961,3269.5,4317.990234,7964.629883,0.802156116,0.005865837,0.113308317,6.340941401,6.054506372,5.005633058,5.125154189,0.210077667
2018/9/10,2318.611084,23091.94922,2006.01001,19683.23047,5123.399902,12835.59961,3289.530029,4354.029785,8015.140137,0.808424234,0.005912893,0.115383768,6.405716763,6.09506715,5.021623236,5.145494647,0.211405932
2018/9/3,2278.400879,22533.10938,1986.5,19427.56055,5120.200195,12830,3286.050049,4387.060059,7927.490234,0.809722017,0.005837093,0.116306016,6.510750782,6.140134402,5.023344835,5.168805117,0.211555543
2018/8/27,2328.278076,22115.30078,1948.709961,18735.59961,4967.299805,12757.40039,3258.570068,4342.890137,7796.220215,0.798237832,0.005502758,0.114031253,6.477401563,6.060322053,4.971559624,5.18040474,0.213682767
2018/8/20,2236.621094,22299.63086,2004.890015,18835.76953,4966.5,12749.90039,3308.100098,4422.75,7918.609863,0.801015153,0.00570794,0.114554703,6.471953943,6.111160515,5.010677546,5.201874265,0.213817062
2018/8/13,2225.294922,21726.90039,1927.22998,18450.23047,4891.399902,12331.90039,3299.780029,4432.970215,7942.350098,0.793910431,0.005652388,0.112475592,6.393262466,6.060367763,4.964561737,5.186369222,0.20615385
2018/8/6,2206.780029,22089.05078,1924.22998,18242.56055,5013.5,12337.59961,3294.189941,4435.77002,7821.629883,0.79777673,0.00544896,0.113587582,6.508919048,6.104040469,5.004121429,5.311374297,0.212900564
2018/7/30,2244.643066,22013.57031,1906.75,19016.46094,4931.899902,12065.59961,3294.050049,4444.5,7930.799805,0.797344858,0.005608049,0.114770179,6.364673703,6.032864732,5.005053669,5.205533294,0.212638261
2018/7/23,2177.912109,22547.71094,1944.560059,19286.7207,5097.5,12220.2002,3348.870117,4548.709961,8022.060059,0.79295639,0.005601778,0.113214274,6.331368341,6.054746174,4.978406585,5.228299679,0.213698532
2018/7/16,2205.49707,22689.96094,1965.709961,19575.64063,5129.5,12438,3369.899902,4544.319824,8135.029785,0.793798512,0.005554877,0.114510974,6.346379891,6.1061918,4.994566445,5.258645791,0.208759324
2018/7/9,2246.831055,23321.2207,1944.75,20082.61914,5206.100098,12589.09961,3443.77002,4652.779785,8280.259766,0.793265413,0.00573715,0.112324866,6.155739784,6.088160707,4.962305455,5.102569266,0.206955972
2018/7/2,2282.870117,23082.67969,1986.810059,20286.11914,5180.799805,12613,3449.300049,4597.839844,8368.19043,0.789843189,0.005653059,0.111705654,5.972433117,5.963023044,4.876832211,4.958592578,0.21009834
2018/6/25,2288.531982,22618.66992,1973.449951,19704.33008,4983.5,12667.2002,3393.169922,4526.240234,8209.780273,0.790934971,0.005611841,0.110007887,5.920229817,5.95063966,4.857491997,4.969542979,0.204212397
2018/6/18,2300.594971,22392.16016,2001.050049,19760.30078,4926.600098,12650.40039,3311.370117,4511.350098,8254.799805,0.789052652,0.005542944,0.108263659,5.886400802,5.90792038,4.854441349,4.879929873,0.209832484
2018/6/11,2210.897949,21575.25977,1923.849976,19429.23047,4737.700195,12373.2998,3184.719971,4439.859863,8095.200195,0.788959333,0.00552952,0.107320621,5.767636657,5.992562609,4.894140881,4.800109854,0.210893374
2018/6/4,2162.041016,20969.14063,1889.23999,19177.92969,4791.799805,12187.40039,3161.429932,4420.97998,7937.740234,0.788696809,0.005576049,0.106452397,5.861151122,6.019077915,4.896640015,4.93056217,0.209990389
2018/5/28,2073.094971,20263.31055,1822.829956,18774.24023,4738.799805,11995.7002,3124.449951,4363.069824,7793.310059,0.789513077,0.005437579,0.103317137,5.657243438,5.840487216,4.803796966,4.756038861,0.207340941
2018/5/21,1979.206055,20803.28906,1863.319946,19395.81055,4802.600098,12129.09961,3150.439941,4440.169922,8062.209961,0.790060717,0.005294246,0.102939893,5.593428036,5.823828973,4.830206728,4.741256625,0.207891437
2018/5/14,2007.198975,20854.66992,1833.310059,19495.82031,4841.700195,12134.90039,3169.72998,4489.859863,8001.819824,0.789594188,0.005455237,0.101665479,5.552371725,5.788214878,4.77965931,4.726416347,0.208521224
2018/5/7,2039.485962,21277.2793,1869.97998,19958.4707,4973.899902,12462.2002,3236.060059,4568.330078,8220.490234,0.789923527,0.00536769,0.102322827,5.558327751,5.894490779,4.857197098,4.77517123,0.210719074
2018/4/30,1992.647949,21362.41992,1871.410034,20149.84961,4972.100098,12685.09961,3213.26001,4538.310059,8062.029785,0.791012808,0.005461129,0.103417993,5.643947203,5.920190297,4.851055392,4.857968179,0.20555966
2018/4/23,2010.849976,21968.94922,1910.810059,19748.18945,5042,12647.90039,3236.100098,4581.990234,8149.399902,0.789221589,0.0054728,0.103652212,5.679810505,5.959366477,4.843615092,4.950428322,0.204492906
2018/4/16,2029.417969,22190.9707,1923.380005,19164.01953,5116.799805,12603.2998,3254.129883,4582.890137,8099.879883,0.789005135,0.00562994,0.100158765,5.451185083,5.890875193,4.815811791,4.744902018,0.203217879
2018/4/9,2052.235107,21807.56055,1880.709961,18789.33984,5055.200195,12542.09961,3229.909912,4533.640137,7856.140137,0.788133937,0.005439591,0.100650483,5.61755454,5.942479966,4.861092088,4.910339928,0.204138268
2018/4/2,2068.451904,22517.81055,1920.109985,18598.17969,5113.899902,12736.90039,3197.530029,4513.879883,7925,0.787360972,0.0054945,0.097695629,5.609151002,5.90562632,4.806443348,4.956162028,0.203554278
2018/3/26,2057.458008,21863.50977,1870.160034,18519.43945,5123.399902,12762.2998,3088.850098,4524.209961,7873.310059,0.788013838,0.005493789,0.095380054,5.517833098,5.814296379,4.778512144,4.771236732,0.203449077
2018/3/19,2098.38208,21731.36914,1926.359985,18619.7207,5135,12653.90039,3028.939941,4540.970215,8021.890137,0.787862058,0.005492441,0.091748014,5.456859192,5.798304722,4.789548526,4.744137318,0.203894667
2018/3/12,2139.99292,22621.2207,1955.310059,19270.06055,5145,12820.90039,3048.350098,4597.180176,8164.200195,0.787970656,0.005505561,0.093664735,5.621434888,5.868314552,4.797063734,4.885663983,0.211949354
2018/3/5,2236.217041,22915.2793,1994.319946,19732.75977,5219.600098,12723.40039,3120.300049,4650.939941,8168.200195,0.78781752,0.005595661,0.096520775,5.70649201,5.925982878,4.845561986,5.015023502,0.211150668
2018/2/26,2191.851074,23502.50977,2005.579956,20263.71094,5276.700195,12806.5,3237.530029,4730.379883,8209.179688,0.788229689,0.005658971,0.09743622,5.737677289,5.931764123,4.883568555,5.110980847,0.211907476
2018/2/19,2160.0271,23207.03906,2011.800049,19727.26953,5307.100098,12844.09961,3210.179932,4782.680176,8230.679688,0.787996993,0.005688317,0.097121285,5.678346022,5.922454452,4.858960653,5.043252,0.212222987
2018/2/12,2174.665039,23138.53906,1996.97998,19915.94922,5208,12758.7002,3138.080078,4759.379883,8364.549805,0.788171764,0.005683695,0.099568258,5.768831454,5.93291894,4.900569167,5.081482906,0.212914565
2018/2/5,2228.145996,23218.32031,2024.900024,20528.58984,5230.899902,12892.09961,3179.709961,4740.77002,8349.370117,0.788075058,0.005713411,0.100190192,5.764173463,5.893256724,4.906181676,5.081580118,0.208188399
2018/1/29,2193.780029,23340.09961,2052.399902,20882.89063,5321.5,13136.09961,3192.899902,4758.589844,8441.19043,0.78506737,0.005691158,0.099392553,5.888362521,5.911982717,4.91683853,5.173651071,0.212187127
2018/1/22,2132.955078,22698.33984,2034.390015,20683.51953,5386.299805,13399.40039,3205.23999,4863.350098,8346.620117,0.783369923,0.005837114,0.098860677,5.828615546,5.815222652,4.91515407,5.038991246,0.21191821
2018/1/15,2149.562012,23249.78906,2039.420044,21196.81055,5411.100098,13337.5,3201.199951,4913.830078,8388.179688,0.78553415,0.005736309,0.097901927,5.764388648,5.844722771,4.898561821,5.034308854,0.206738396
2018/1/8,2106.126953,22744.39063,1984.869995,20666.15039,5400.700195,13378.2998,3177.25,4951.359863,8229.589844,0.78444472,0.005849537,0.095999365,5.698781307,5.797783955,4.873056436,5.018238773,0.210809867
2018/1/1,2135.826904,23032.15039,2005.640015,20399.41992,5401.700195,13482.59961,3201.27002,4914.080078,8177.120117,0.784459926,0.005808501,0.096989318,5.698679079,5.825081136,4.880166308,5.075690652,0.211621037
2017/12/25,2196.37793,23696.2793,2006.22998,20217.39063,5335.899902,13478.2998,3172.850098,4818,8116.779785,0.784755628,0.005876854,0.097745823,5.577793918,5.767797862,4.868517864,4.98623068,0.205993901
2017/12/18,2220.503906,23881.28906,2044.869995,20791.92969,5320.100098,13395.40039,3176.350098,4794.950195,8406.830078,0.784669821,0.005736458,0.097393533,5.548846127,5.724879565,4.848484791,4.966688448,0.210505911
2017/12/11,2237.10791,23743.09961,1980.410034,20996.5293,5186,13280.7002,3114.169922,4713.52002,8367.719727,0.783030709,0.005737851,0.099293542,5.529369296,5.697957027,4.853169613,5.032990727,0.210767846
2017/12/4,2196.074951,23245.96094,1962.910034,20715.58008,5098.399902,13125.7002,3066.02002,4717.060059,8376.94043,0.781835884,0.005758235,0.097467354,5.426895777,5.72268824,4.828759141,5.008511066,0.210097044
2017/11/27,2084.793945,22812.17969,1983.349976,21079.7207,5265.200195,13399.59961,3094.47998,4681.189941,8408.530273,0.781673365,0.00575833,0.097732988,5.408583971,5.69402176,4.784925371,4.978971839,0.207631959
2017/11/20,2101.250977,23243.24023,2002.280029,21193.58008,5324.100098,13588,3149.76001,4767.359863,8535.040039,0.781354407,0.005695178,0.098243883,5.365480253,5.657049589,4.772847242,4.941037609,0.205365735
2017/11/13,2083.13501,22817.2793,1946.140015,20851.33008,5350.100098,13548.90039,3131.469971,4769.040039,8546.540039,0.779151271,0.005733384,0.097083402,5.414986197,5.680450478,4.769291649,4.997932162,0.206082006
2017/11/6,2013.297974,22846.25,1938.540039,20758.49023,5312.399902,13747.5,3143.870117,4864.390137,8529.349609,0.779237522,0.005734048,0.098343103,5.439992776,5.537663609,4.781167394,5.014273633,0.20715878
2017/10/30,2004.948975,23133.34961,1944.47998,21063.61914,5305.899902,13888.2002,3147.330078,4893.950195,8596,0.778885984,0.005696003,0.098136474,5.299903023,5.508006083,4.736375574,4.985802472,0.204825362
2017/10/23,2054.39209,22450.06055,1940.560059,21133.56055,5240.899902,13717.7998,3075.98999,4873.700195,8598.30957,0.778001198,0.005797344,0.096268132,5.253501351,5.456525206,4.721579118,4.972334555,0.203796568
2017/10/16,2033.083008,22035.41992,1941.150024,20513.84961,5190,13694.90039,3027.219971,4874.580078,8462.570313,0.779463699,0.005609277,0.096816002,5.296279847,5.438221707,4.737707639,4.903565726,0.203312959
2017/10/9,2044.496948,21636.84961,1922.5,20376.56055,5166.5,13786.5,3013.139893,4840.790039,8387.349609,0.780296519,0.005605448,0.097493961,5.415458835,5.482159034,4.773372531,5.014413347,0.205820958
2017/10/2,2115.8479,22298.41016,1940.280029,20366.82031,5356.299805,14054.7998,3038.709961,4888.399902,8513.679688,0.781058767,0.005632917,0.097960534,5.48433521,5.518463816,4.812639931,5.076181868,0.204888031
2017/9/25,2113.693115,22568.24023,1957.829956,20700.75,5438.700195,14205.7002,3099.929932,4927.640137,8601.860352,0.78415118,0.005747017,0.098072895,5.460136214,5.470696871,4.798671073,5.035604982,0.205852493
2017/9/18,2056.302002,22836.96094,1979.98999,21120.11914,5404.799805,14209.59961,3110.780029,4990.040039,8639.580078,0.790561863,0.005724048,0.099241345,5.461675571,5.542896856,4.833641692,5.130111279,0.207477171
2017/9/11,2057.907959,22660.49023,1974.680054,21919.78906,5462.299805,14299.09961,3136.26001,5125.649902,8713.959961,0.788138914,0.005730786,0.099887308,5.539443657,5.51516695,4.824259803,5.18137882,0.206974619
2017/9/4,2004.338989,21539.49023,1919.900024,21809.80078,5329.399902,14227.7002,3073.719971,5079.319824,8687.629883,0.790774356,0.005771882,0.100693667,5.543287858,5.533297418,4.852764575,5.241847561,0.207674093
2017/8/28,2047.619019,21436.69922,1934.939941,21753.75,5338.100098,14335.7998,3073.389893,5124.990234,8577.169922,0.801102797,0.005798688,0.101853487,5.652660339,5.535308452,4.880023266,5.309781805,0.20825291
2017/8/21,2041.712036,22065.5293,1981,22339.9707,5366.899902,14260.7002,3172.169922,5142.899902,8774.639648,0.799572003,0.005743237,0.103646389,5.739057903,5.609500247,4.926838549,5.375920944,0.203742266
2017/8/14,2058.831055,22510.08008,1988.089966,22359.5,5422.799805,14393.09961,3212.719971,5123.899902,8888.540039,0.799657075,0.005817757,0.10394336,5.761007131,5.645948681,4.92711359,5.328436189,0.20992013
2017/8/7,2130.541992,23003.64063,1997.439941,22628.96094,5428.600098,14257.7002,3198.219971,5091.430176,8908.049805,0.799912242,0.005897531,0.102774276,5.816356864,5.650580873,4.968672056,5.383626561,0.211204956
2017/7/31,2097.748047,22760.24023,2004.280029,22628.83984,5454.200195,14500.40039,3253.800049,5103.350098,8966.660156,0.800734012,0.005979363,0.103226926,5.799644575,5.633522854,4.958077421,5.338405851,0.210428026
2017/7/24,2036.519043,22223.5293,1971.660034,22688.07031,5531,14533.59961,3267.570068,5153.959961,8774.120117,0.805294753,0.006018927,0.102980371,5.790318045,5.655781569,4.972642844,5.358019303,0.206229465
2017/7/17,2026.358032,22260.66992,1959.439941,22403.89063,5458.100098,14765.2002,3252.550049,5232.910156,8867.320313,0.807278686,0.006020398,0.104268746,5.808623047,5.699333507,5.00164652,5.421649661,0.207647678
2017/7/10,2011.13501,21862.99023,1956.550049,22994.23047,5460.799805,14534.09961,3252.129883,5152.669922,8889.69043,0.802117259,0.006043604,0.103888056,5.819091899,5.702951339,4.98117352,5.363322975,0.205681829
2017/7/3,2026.504028,22712.91016,2013.439941,24121.74023,5479,14514.7002,3262.590088,5186.189941,8888.450195,0.802824026,0.00608036,0.106275608,5.827793112,5.726813241,4.976570136,5.378067672,0.206433655
2017/6/26,2034.56897,22965.85938,2017.170044,24693.34961,5492.799805,14708.09961,3278.02002,5151.370117,9008.219727,0.803094448,0.0062266,0.106583368,5.753650011,5.726609909,4.972131319,5.323245202,0.206847983
2017/6/19,2039.212036,23081.65039,1994.959961,24217.33984,5492.5,14604.2002,3295.850098,5178.439941,9075.910156,0.806170769,0.0061,0.106112052,5.820450932,5.763449892,4.985840004,5.30875735,0.208624717
2017/6/12,2029.956055,22951,1995.47998,25396.46094,5464,14838.90039,3299.429932,5182.439941,9134.459961,0.805059619,0.00611569,0.105470863,5.825709394,5.707373898,4.98342998,5.306096355,0.213168234
2017/6/5,2070.715088,23319.16992,1990.849976,25228.16992,5405.100098,15001.59961,3293.25,5170.509766,9196.389648,0.799830231,0.00608171,0.103839006,5.826050141,5.708826519,4.955596179,5.375910593,0.206381015
2017/5/29,2026.67395,23194.06055,1968.069946,25105.50977,5419.5,15109,3258.800049,5145.029785,9273.790039,0.80327024,0.006120414,0.103481257,5.841865843,5.788638814,4.984756547,5.418379834,0.207583526
2017/5/22,2036.51001,23221.51953,1988.51001,25099.91992,5445.100098,15094.2998,3271.050049,5144.25,9306.830078,0.802421287,0.006095286,0.103523296,5.857675549,5.830548722,4.977774708,5.456338423,0.208608386
2017/5/15,2059.375,23546.35938,2009.660034,25962.06055,5525,15215,3272.25,5188.910156,9510.049805,0.800805452,0.00612549,0.103924616,5.807214699,5.825366135,4.983434507,5.42260357,0.207658669
2017/5/8,2046.96106,23233.44922,1988.73999,25024.34961,5486.799805,15125.5,3293.72998,5100.589844,9495.839844,0.79921031,0.006137858,0.10307549,5.813949225,5.7717438,4.992101332,5.459321173,0.206804214
2017/5/1,2059.066895,23454.78906,2019.420044,25641.56055,5531.700195,15266.59961,3310.530029,5108.930176,9400.969727,0.799691349,0.006086436,0.102823584,5.825187871,5.770036467,4.993474136,5.390034176,0.211904675
2017/4/24,2126.614014,24216.00977,2033.849976,26126.75,5583.5,15455,3350.169922,5194.27002,9439.290039,0.797673732,0.006014794,0.102937407,5.81096106,5.716280975,4.980301938,5.289381798,0.205912536
2017/4/17,2185.302979,24532.42969,2073.100098,25480.83984,5556.399902,15215.2998,3344.419922,5109.930176,9266.509766,0.796137098,0.006021725,0.100800545,5.742554116,5.647517548,4.951089132,5.249553116,0.205824654
2017/4/10,2194.425049,24331.41016,2031.099976,25329.14063,5435.299805,15196.2998,3288.889893,5055.200195,9085.959961,0.792949632,0.005931083,0.100529951,5.702012974,5.601202961,4.911891215,5.200710841,0.204914326
2017/4/3,2226.733887,24954.93945,2063.219971,26103.23047,5566.5,15304.2002,3314.77002,5078.080078,9206.80957,0.791880056,0.005922495,0.100987283,5.718691938,5.632204202,4.929637524,5.205954688,0.205046908
2017/3/27,2240.812012,25112.23047,2056.699951,26419.55078,5645.600098,15535.59961,3325.5,5167,9380.099609,0.792456732,0.00601867,0.101574514,5.710367269,5.598144396,4.911903367,5.130743351,0.203652249
2017/3/20,2217.199951,24742.06055,2068.540039,26638.10938,5625.899902,15625.7002,3327.090088,5223.299805,9436.269531,0.791423831,0.006010732,0.101356732,5.72519358,5.640789768,4.912025135,5.128689819,0.20981083
2017/3/13,2326.431885,25240.15039,2049.409912,27026.69922,5598.700195,15569.90039,3341.72998,5253.870117,9407.94043,0.79647317,0.006092218,0.102243833,5.782705718,5.668736133,4.923159278,5.130463118,0.206160305
2017/3/6,2331.949951,24595.32031,2041.859985,27061.03906,5531.100098,15531.59961,3345.550049,5223.970215,9223.179688,0.790962764,0.005989088,0.101076381,5.522097143,5.525830974,4.852050359,4.991515697,0.204805695
2017/2/27,2329.450928,24306.16016,2053.820068,27090.41992,5433.100098,15265.40039,3305.050049,5181.350098,9240.450195,0.794616453,0.006103341,0.101207336,5.50381606,5.621624102,4.867669619,5.017736883,0.203424228
2017/2/20,2347.718018,23678.41016,2031.640015,26626.32031,5313.399902,15026.7998,3292.209961,5253.490234,8989.820313,0.788407968,0.005982524,0.100053972,5.354135111,5.478670469,4.799005071,4.810174907,0.206435602
2017/2/13,2363.870117,23064.56055,1976.160034,26567.99023,5318.200195,14789.7998,3253.23999,5236.990234,9106.280273,0.799834551,0.006051767,0.100863537,5.373974125,5.509053341,4.845272858,4.79300431,0.202098177
2017/2/6,2374.540039,23088.53906,1940.920044,26297.38086,5188.299805,14227.40039,3223.870117,5225.140137,8966.44043,0.789116797,0.005772197,0.099890662,5.30148949,5.466829665,4.804555782,4.779868816,0.206097636
2017/1/30,2341.184082,23023.21094,1900.660034,26108.5293,5271.700195,14227.7002,3167.72998,5146.939941,8512.879883,0.78807648,0.005814414,0.099644703,5.355641122,5.414500504,4.801620989,4.846995463,0.200233168
2017/1/23,2302.280029,23302.19922,1925.689941,26851.05078,5412.200195,14543.7998,3222.550049,5333.830078,8646.009766,0.790961006,0.005773364,0.100311469,5.398935563,5.457477175,4.809135246,4.819220999,0.202159875
2017/1/16,2420.177979,23998.06055,1964.430054,27865.83008,5526.600098,14613.2998,3274.25,5387.830078,8974.759766,0.79770098,0.005857972,0.10069214,5.411442603,5.478977306,4.806797752,4.809750389,0.207640563
2017/1/9,2419.145996,23550.24023,1939.869995,27868.63086,5549.100098,14690.7998,3286.389893,5418.990234,8912.620117,0.790451028,0.005827205,0.099644675,5.296804615,5.407591809,4.755712366,4.756228923,0.20110308
2017/1/2,2479.185059,24087.38086,1945.140015,28046.66016,5454.299805,14843.09961,3315.669922,5484,8982.879883,0.789242217,0.005746211,0.099168668,5.356236116,5.41941968,4.715614763,4.853279279,0.205704395
2016/12/26,2487.111084,23437.11914,1964.839966,28334.63086,5304.299805,15111.09961,3345.320068,5495.810059,9091.530273,0.790829607,0.005576006,0.099323515,5.32484402,5.460600238,4.722590495,4.839239198,0.203882745
2016/12/19,2682.918945,23987.44922,1980.780029,28693.99023,5313,14744.7002,3350.5,5424.450195,9187.150391,0.793547629,0.005538123,0.099485392,5.195432533,5.372145285,4.707726852,4.799150056,0.204325614
2016/12/12,2938.781006,24002.64063,1986.619995,28458.09961,5335.299805,14473.7002,3324.389893,5521.910156,9206.570313,0.792656153,0.005646005,0.099233418,5.103962919,5.366608664,4.648990014,4.719704916,0.197544693
2016/12/5,2938.173096,23249.19922,1921.709961,27350.67969,5219.600098,13731.09961,3324.129883,5514.950195,9027.330078,0.796865098,0.005515972,0.098801941,5.073846146,5.340474781,4.711486211,4.800201994,0.203174127
2016/11/28,3108.595947,23116.63086,1929.97998,27371.83984,5338.600098,14468.2998,3279.530029,5527.75,8999.519531,0.802796839,0.005645812,0.098831587,5.072286388,5.35855332,4.732324401,4.822739839,0.197924001
2016/11/21,3157.603027,23349.33984,1948.160034,27208.60938,5394.5,14609.2998,3332.51001,5557.419922,9214.070313,0.803152442,0.005672258,0.09802249,5.059045694,5.357741855,4.709457934,4.831227923,0.201501588
2016/11/14,3234.679932,23721.30078,1926.439941,27887.90039,5435.899902,14753.7002,3370.590088,5568.279785,9307.259766,0.804048878,0.005637317,0.098939678,5.031036444,5.286243679,4.673764396,4.780352711,0.197184823
2016/11/7,3285.412109,23919.94922,1924.699951,27458.38086,5465.600098,14384.90039,3338.439941,5584.839844,9215.580078,0.798550807,0.005572062,0.098793328,5.090593932,5.225859349,4.650791497,4.858113808,0.193474382
2016/10/31,3376.495117,24103.51953,1888.130005,28121.89063,5299.200195,14309.40039,3300.679932,5616.72998,9138.290039,0.800543371,0.005734141,0.09999968,5.105536805,5.183145601,4.677464993,4.836929158,0.195273124
2016/10/24,3351.763916,24850.44922,1936.089966,29278.83984,5501.799805,14779.40039,3411.5,5675.240234,9470.94043,0.810052746,0.00582732,0.10194227,4.945608914,5.038829906,4.663562156,4.658683713,0.199334638
2016/10/17,3210.363037,24507.05078,1949.26001,29182.94922,5588.299805,14673.5,3391.199951,5744,9361.910156,0.805022186,0.005753511,0.100628095,4.856226056,4.916757228,4.615467062,4.530455868,0.198090596
2016/10/10,3075.906982,24679.39063,1955.52002,28717.91016,5820.200195,15083.90039,3431.360107,5797.589844,9456.179688,0.80586707,0.005684661,0.101191905,4.848180399,4.988644215,4.616478257,4.591606239,0.198137531
2016/10/3,3203.826904,24682.53906,1957.5,29094.92969,5877.5,15264.7998,3426.219971,5786.540039,9529.509766,0.803392379,0.005682034,0.100376999,4.838316159,5.000883043,4.599127263,4.65991025,0.199375975
2016/9/26,3246.909912,24832.08008,1961.449951,29231.41016,5881.5,15172.2002,3435.659912,5748.950195,9529.509766,0.806354895,0.005710888,0.100620609,4.907869911,4.989057026,4.597971479,4.710150851,0.197757837
2016/9/19,3310.302979,24823.28906,1985.800049,29220.11914,5928.799805,15234.2998,3402.860107,5878.470215,9622.099609,0.810889539,0.00567082,0.101806198,4.894845788,5.02187879,4.607707383,4.745934875,0.199598078
2016/9/12,3241.187012,24164,2012.939941,29448.94922,5898.899902,14952.5,3417.51001,5903.069824,9645.769531,0.807734099,0.005701396,0.100335829,4.838420269,4.969439547,4.544035087,4.613600904,0.198891157
2016/9/5,3372.910889,23823.21094,1985.790039,28503.30078,5814.5,14731.5,3362.77002,5908.589844,9579.349609,0.80714794,0.005653754,0.099372505,4.773815791,4.889289416,4.503599756,4.587586968,0.19799166
2016/8/29,3617.318115,24375.24023,2037.23999,28261.08008,5975.5,14942.40039,3412.439941,5871.379883,9749.69043,0.799597767,0.005458042,0.099264119,4.827835342,4.927756216,4.501774577,4.695170543,0.196992853
2016/8/22,3691.095947,24486.19922,2019.800049,27458.64063,5919.899902,14812.40039,3450.100098,5854.25,9503.719727,0.802166493,0.005590791,0.098981368,4.810039605,4.931407977,4.539475918,4.693509287,0.19807938
2016/8/15,3863.928955,25275.64063,2045.420044,28260.14063,5898.600098,15026.59961,3453.75,5831.399902,9600.320313,0.791188805,0.005568501,0.098819044,4.687899469,4.914463576,4.548138531,4.671117619,0.203974921
2016/8/8,4034.310059,27272.39063,2087.76001,28879.38086,5968.399902,15388.40039,3472.379883,5847.359863,9617.700195,0.800993137,0.00569832,0.099613575,4.760579992,4.937259355,4.538277934,4.679119999,0.198837854
2016/8/1,4287.295898,27653.11914,2143.5,28442.09961,5877.899902,15360.59961,3525.189941,5861.47998,9570.929688,0.798205087,0.005666926,0.098917549,4.831393781,5.065212693,4.608096553,4.766990837,0.205446154
2016/7/25,4393.686035,28060.98047,2159.800049,27437.93945,5933.299805,15408.2998,3513,5765.359863,9913.280273,0.798089208,0.005714755,0.097161264,4.844744068,5.081003193,4.641640226,4.706491215,0.207892442
2016/7/18,4441.660156,28133,2127.169922,27011.31055,5814.399902,15339.7998,3487.389893,5797.399902,9820.049805,0.802722764,0.005791965,0.097936655,4.871372875,5.113367709,4.676807801,4.682193479,0.202375661
2016/7/11,4205.916992,27577.33984,2085.52002,27105.39063,5634.600098,15170,3452.01001,5735.359863,9692,0.801599326,0.005779987,0.096985739,4.925925511,5.139030076,4.672013925,4.614672214,0.201813232
2016/7/4,4308.690918,27822.2793,2106.5,27324,5735.5,15108.09961,3463.100098,5760.379883,9579.480469,0.800966918,0.005717301,0.097901049,4.995340843,5.165730422,4.702026798,4.6295099,0.20238352
2016/6/27,4657.596191,27992.83008,2146.100098,27957.5,5664.700195,15200.7998,3450.179932,5776.02002,9638.799805,0.799392186,0.005726324,0.09740232,4.897131825,5.045855986,4.635971352,4.542490627,0.202282213
2016/6/20,4611.744141,27424.18945,2114.800049,27828.43945,5777.200195,15014.09961,3392.110107,5844.950195,9701.070313,0.798587317,0.005652566,0.097002737,4.741307876,4.982816913,4.591924523,4.447381526,0.201084799
2016/6/13,5023.096191,27260.16016,2068.100098,26768.49023,5498.5,14957.2002,3333.669922,5867.899902,9340.129883,0.798695997,0.00557199,0.096734429,4.759821961,4.955258493,4.592395513,4.413073155,0.199359203
2016/6/6,5166.350098,27280.53906,2052.169922,26425.30078,5545.299805,14741.2002,3353.850098,5846.970215,9301.929688,0.799267355,0.005521171,0.096823386,4.801667127,5.040754855,4.606726668,4.347575993,0.19892777
2016/5/30,4478.36377,26760.5293,2046.959961,27316.16992,5597,14653.09961,3300.959961,5781.759766,9218.370117,0.799532974,0.005584308,0.097382352,4.828152778,5.068612827,4.644604748,4.288313677,0.201826823
2016/5/23,4192.873047,26663.86914,2090.26001,27811.83984,5545.899902,14808.09961,3320.899902,5755.439941,9462.570313,0.799798714,0.005629055,0.097611434,4.794586413,5.027043366,4.616736387,4.26985315,0.199722931
2016/5/16,3686.915039,26064.10938,2104.409912,28092.78906,5538.299805,14682.40039,3342.72998,5840.899902,9358.230469,0.799139779,0.005525672,0.097754456,4.732029499,4.938376771,4.593429947,4.164784043,0.206807093
2016/5/9,3877.802979,24901.2793,2031.170044,27661.40039,5492,14411.09961,3279.879883,5725.339844,8914.129883,0.799711042,0.00552933,0.097828424,4.624934773,4.877258196,4.593064821,4.183008544,0.198533138
2016/5/2,3957.352051,25415.26953,2076.790039,28463.31055,5670.100098,14642.7998,3353.449951,5853.759766,9045.980469,0.799871517,0.005492757,0.097654527,4.596989298,4.780577054,4.538333847,4.045086805,0.204516219
2016/4/25,4070.907959,25128.50977,2045.959961,28112.31055,5566.100098,14186.2002,3352.649902,5894.180176,8767.860352,0.799879784,0.005399765,0.097097797,4.560467888,4.762069695,4.528620252,4.103455287,0.197166299
2016/4/18,3663.726074,24636.2793,2030.160034,28114.56055,5699.200195,14468.40039,3202.5,5920.959961,8665.339844,0.799684757,0.005306943,0.09669204,4.522357326,4.766946509,4.510447378,4.096808487,0.196224087
2016/4/11,3744.205078,24552.4707,2010.22998,28236.39063,5474.799805,14302.7002,3196.659912,5868.660156,8442.290039,0.799903495,0.005325542,0.097276132,4.553914896,4.727831662,4.480944279,4.057129736,0.195278444
2016/4/4,3965.334961,23991.0293,1983.459961,28067.31055,5356.5,14277.90039,3114.25,5696.450195,8305.639648,0.823943615,0.005500843,0.097885674,4.711925258,4.890087852,4.573758134,4.191091349,0.197590767
2016/3/28,3507.743896,22409.61914,1876.069946,27366.07031,5214.600098,13473.7002,2971.01001,5751.189941,7786.919922,0.822888708,0.005415771,0.09744734,4.680460881,4.878179585,4.54642661,4.225063088,0.195321354
2016/3/21,3232.350098,21612.39063,1937.670044,26392.38086,5263.600098,13865.09961,2955.939941,5670.47998,8019.180176,0.825172319,0.005359261,0.096817802,4.588062199,4.848597272,4.569311424,4.142838488,0.195234604
2016/3/14,3160.166992,20840.60938,1886.040039,25201.90039,5040.600098,13478.2998,2863.810059,5546.879883,8000.600098,0.818860679,0.005387669,0.095917468,4.454200902,4.811874403,4.481757597,4.056702728,0.198974701
2016/3/7,3200.233887,21504.36914,1941.369995,25610.21094,5071.100098,13461.5,2888.030029,5648.22998,8305.820313,0.82161447,0.005310245,0.096008683,4.502333413,4.811207134,4.506476062,4.017667728,0.193867801
2016/2/29,3097.916992,21920.83008,1995.949951,26218.91016,5170.5,13646.90039,2879.590088,5712.040039,8462.139648,0.820181962,0.005383532,0.096125341,4.56937436,4.824288464,4.551476345,4.052020735,0.194676722
2016/2/22,3092.346924,21186.32031,1942.849976,25863.5,5042.100098,13378.59961,2832.639893,5687.350098,8132.350098,0.8223401,0.005442798,0.096242884,4.46872786,4.777944607,4.473935364,4.032458161,0.191695484
2016/2/15,3052.781006,21506.08984,1969.680054,26220.94922,5052,13339.7002,2793.149902,5593.509766,8305.030273,0.818906564,0.005324378,0.096712796,4.465624924,4.791064409,4.436280824,4.061503815,0.191910599
2016/2/8,3183.1521,22458.80078,2019.530029,27079.50977,5279.700195,13964.40039,2998.5,5638.790039,8445.959961,0.817513943,0.005410346,0.097809233,4.604142349,4.873870022,4.513929566,4.224378159,0.202463964
2016/2/1,3391.352051,23067.36914,2030.26001,27214.59961,5268.200195,13838.09961,3030.610107,5820.009766,8604.950195,0.817630115,0.005531503,0.097805022,4.643945949,4.929744291,4.591116718,4.332148258,0.195260403
2016/1/25,3412.434082,23151.93945,2040.400024,27470.81055,5351.600098,13953.7002,3068.459961,5970.669922,8673.80957,0.819147533,0.00561798,0.097586468,4.578104542,4.843583136,4.552822293,4.316018417,0.194419768
2016/1/18,3382.561035,22640.03906,2029.469971,26656.83008,5239.399902,13529.2002,2998.350098,5986.370117,8554.30957,0.815177754,0.005573111,0.096551553,4.48009059,4.832673029,4.504523112,4.285911751,0.19418315
2016/1/11,3590.031982,22867.33008,2041.069946,26265.24023,5215,13553.2998,3010.469971,6069.740234,8693.570313,0.819475068,0.005577082,0.09644746,4.54040705,4.774059693,4.516420848,4.147587319,0.194198229
2016/1/4,3580.839111,22396.14063,1973.290039,25610.5293,5051.299805,13075.40039,2925.679932,5989.029785,8329.5,0.821875943,0.005536086,0.096454702,4.546884326,4.780214501,4.493517752,4.167357881,0.201877237
2015/12/28,3630.5,22754.7207,1989.859985,25868.49023,5256.100098,13433.5,2917.909912,6008.52002,8465.450195,0.823152914,0.005460578,0.096529924,4.610732973,4.777553016,4.515178738,4.188837229,0.196312669
2015/12/21,3436.302979,22068.32031,2028.98999,26128.19922,5202.600098,13368.2002,2859.120117,6101.02002,8398.400391,0.824714202,0.005548812,0.096046159,4.614958071,4.778508026,4.541227042,4.179288701,0.19552348
2015/12/14,3524.991943,22235.89063,1974.400024,25638.10938,5151.600098,13358.7998,2879.050049,6094.819824,8398.599609,0.823829738,0.005529661,0.095583881,4.68026836,4.777977988,4.574252085,4.311181114,0.207665224
2015/12/7,3434.581055,21464.05078,1948.619995,25044.42969,5029.5,12790,2834.629883,6069.950195,8115.890137,0.830393182,0.005541964,0.096377377,4.680866591,4.677771264,4.587063717,4.330951525,0.195050297
2015/11/30,3578.964111,21755.56055,1975.319946,25519.2207,5106.700195,13024.2998,2852.840088,6107.839844,8257.320313,0.836218406,0.00546586,0.097561203,4.621726553,4.644936142,4.573058833,4.362976888,0.20230328
2015/11/23,3628.000977,22138.13086,1990.650024,25838.71094,5207.600098,13309.7998,2877.620117,6225.529785,8363.280273,0.834392362,0.005477803,0.098078552,4.703148697,4.67455949,4.606765584,4.425716782,0.203220841
2015/11/16,3734.070068,21914.40039,1961.310059,26117.53906,5295.899902,13010,2882.72998,6324.259766,8338.05957,0.841054015,0.005579819,0.098476874,4.750039832,4.701391781,4.595333147,4.454034645,0.203276875
2015/11/9,3186.412109,20453.71094,1917.619995,24934.33008,4990.799805,12445.5,2751.22998,6158.100098,7893.970215,0.84075585,0.005560271,0.097520068,4.531097956,4.598852711,4.520990661,4.254328524,0.202461376
2015/11/2,2900.969971,19520.76953,1878.869995,24455.03906,4892.799805,12073.5,2630.76001,6169.089844,7762.009766,0.841023831,0.00543286,0.097371777,4.496405177,4.493938414,4.551839131,4.222622601,0.194304734
2015/10/26,2916.562012,19080.50977,1879.430054,24435.66016,4916,12389.59961,2577.090088,6121.609863,7756.180176,0.843849936,0.005428343,0.097419495,4.608517031,4.651390156,4.604099304,4.26043124,0.20157498
2015/10/19,2737.600098,19683.10938,1912.060059,24870.68945,5005.5,12822.09961,2629.110107,6170.220215,8080.600098,0.8489021,0.005523619,0.097031999,4.670389557,4.726991704,4.63861747,4.274844808,0.202637562
2015/10/12,2763.491943,19288.16992,1917.790039,24616.9707,4976.200195,12764,2623.209961,6153.799805,8063,0.845554295,0.005460051,0.097140346,4.667169414,4.742480938,4.679870996,4.366710826,0.19920485
2015/10/5,2860.020996,19285.5,1916.23999,23709.15039,4952.799805,12813.40039,2656.870117,6141.709961,8325.040039,0.840111723,0.005419527,0.095269046,4.663964451,4.734302644,4.642476456,4.326497658,0.202103205
2015/9/28,2767.209961,19364.15039,1920.160034,23154.30078,4880,12797.7998,2649.379883,6224.97998,8411.160156,0.847819418,0.005353378,0.095830203,4.69943004,4.865162313,4.679682306,4.345965839,0.204042896
2015/9/21,2874.146973,20176.69922,1955.630005,24646.48047,5090,13212.5,2837,6418.129883,8643.549805,0.840507411,0.005258352,0.097165906,4.835214679,4.892102367,4.739426707,4.429664609,0.20521563
2015/9/14,2810.306885,20199.59961,1971.410034,24717.99023,5166.399902,13522,2828.860107,6515.410156,8706.139648,0.83223569,0.005398428,0.095937395,4.88386811,4.877264868,4.701284732,4.352847936,0.195254299
2015/9/7,2955.149902,20671.63086,1992.119995,24952.74023,5183.100098,13497.09961,2906.800049,6623.5,8810.709961,0.834159948,0.005452785,0.097449529,4.914382149,4.956711115,4.763360513,4.383511809,0.205434475
2015/8/31,2979.125977,20345.60938,1983.810059,25337.56055,5084.200195,13358.09961,2847.389893,6662.549805,8704.969727,0.841388617,0.00561279,0.097545854,4.898671904,4.915680576,4.755607148,4.358264258,0.19949565
2015/8/24,3009.530029,20498.91992,1973.569946,25269.64063,4999.399902,13440.40039,2818.48999,6708.02002,8657.549805,0.834224217,0.005550059,0.097480328,4.960582593,4.959593635,4.795782949,4.461411063,0.200446215
2015/8/17,2984.958008,20370.40039,1972.050049,24673.83984,4937.600098,13396.7002,2808.320068,6730.279785,8541.5,0.832107791,0.005635913,0.097015511,4.883728125,4.972119538,4.789418052,4.400981564,0.204874492
2015/8/10,3078.116943,21316.4707,2014.709961,25626.75,5157.5,13637.2002,2923.939941,6844.740234,8700.389648,0.834626889,0.005631066,0.097130569,4.944984153,4.984935069,4.754533934,4.454876342,0.199601881
2015/8/3,2959.23999,21467.03906,2015.48999,25838.14063,5236.399902,13874,2940.429932,6866.109863,8535.75,0.837882009,0.005673618,0.09771154,5.011250275,5.128095785,4.799384045,4.462979182,0.206697735
2015/7/27,2938.323975,21067.05078,1994.150024,25606.61914,5252.200195,13951.5,2838.52002,6820.580078,8377.900391,0.834199665,0.005636084,0.097425698,4.929021636,5.156647935,4.81567292,4.531386635,0.206999997
2015/7/20,2913.248047,20109.86914,1976.709961,25228.5,5292,13701.5,2730.800049,6898.109863,8146.430176,0.83897063,0.005696985,0.097757428,4.802566866,5.034829369,4.782529514,4.454597862,0.201138096
2015/7/13,2827.108887,19719.28906,1966.98999,25489.57031,5329,13748.59961,2734.909912,6916.569824,8053.689941,0.840899077,0.005595087,0.097806623,4.74951967,5.037919285,4.755781992,4.418741127,0.200691347
2015/7/6,2825.48291,19852.19922,1947.670044,25301.90039,5351.299805,13919.59961,2763.820068,6909.859863,8131.259766,0.841471215,0.005562732,0.096950597,4.724755924,4.978825605,4.733446175,4.422665475,0.199350399
2015/6/29,2821.045898,20576.76953,1969.170044,26653.59961,5405.899902,14105.2002,2802.51001,6992.540039,8463.610352,0.843871038,0.005511325,0.097775419,4.708506648,5.021647387,4.748733605,4.38670615,0.201225155
2015/6/22,2938.681885,20947.24023,1985.839966,26843.0293,5318.899902,14226.7998,2809.22998,7024.379883,8587.360352,0.846876503,0.005552271,0.097760801,4.833237887,5.074882548,4.842416506,4.564929331,0.2017827
2015/6/15,2927.158936,21042.64063,2017.630005,26635.75,5312.600098,14037.5,2822.969971,6971.779785,8715.480469,0.846554553,0.005658148,0.098464216,4.84595536,5.139643772,4.828508627,4.633760866,0.203960264
2015/6/8,2885.10498,20169.98047,1953.400024,26625.91016,5162.700195,13901.7998,2763.419922,6847.060059,8568.080078,0.847765864,0.005624532,0.098088449,4.888459639,5.119257859,4.890640037,4.663547674,0.210387623
2015/6/1,2854.285889,20259.13086,1925.23999,26397.71094,5113.200195,13891.90039,2735.389893,6667.779785,8476.990234,0.849365129,0.005641973,0.098020441,4.897889726,5.059172338,4.856853627,4.67585845,0.204838567
2015/5/25,2932.476074,20794.36914,1987.319946,27144.91016,5246.600098,14064.5,2846.370117,6926.22998,8738.240234,0.856952603,0.005677435,0.09895582,4.96197164,5.146983332,4.940363817,4.770756978,0.212982946
2015/5/18,2988.093994,20564.16992,1963.099976,27126.90039,5230.5,14259.7998,2847.040039,7000.100098,8640.910156,0.862988669,0.005831162,0.099725757,5.060692004,5.130264329,4.973914655,4.886351178,0.213060585
2015/5/11,3054.295898,21659.25,2017.26001,27836.5,5429.600098,14482.40039,2925.350098,7072.879883,8949.849609,0.860976762,0.005814883,0.099445868,5.067248491,5.151629613,4.955868202,4.723098526,0.213164524
2015/5/4,3012.815918,21964.26953,2010.339966,27803.24023,5498.200195,14600.7002,2945.350098,7226.049805,9013.139648,0.862946269,0.005890632,0.099679843,5.004410918,5.094408941,4.926223465,4.692863494,0.208858043
2015/4/27,2979.339111,21891.36914,2016.189941,28051.85938,5562.299805,14582.7002,2868.689941,7348.129883,8984.410156,0.8561894,0.005858509,0.099662403,5.040063909,5.085208955,4.948815323,4.775884541,0.215372401
2015/4/20,2976.696045,22146.08984,2017.939941,28078.34961,5497.399902,14648.7998,2828.169922,7308.419922,9092.120117,0.860537396,0.006013004,0.0998444,5.079885554,5.06154654,4.951844391,4.750978657,0.210606536
2015/4/13,3050.666992,22766.91016,2050.469971,28152.40039,5530.899902,14747.5,2867.399902,7363.100098,9150.389648,0.856654767,0.00596712,0.099326455,5.087588975,5.125893,4.938610095,4.779471902,0.21170867
2015/4/6,3108.102051,22937.2207,2056.23999,28077,5526.700195,14687.5,2844.02002,7405.25,9034.269531,0.855521745,0.006017401,0.098832813,5.047474399,5.144301699,4.917466682,4.809627285,0.209936081
2015/3/30,3070.309082,22909.53906,2037.5,27782.25,5515.5,14639.90039,2857.649902,7391.299805,9131.719727,0.861049123,0.005977616,0.099493512,5.038777451,5.130077794,4.909006428,4.826143001,0.210392175
2015/3/23,3067.352051,23266.69922,2038.310059,28532.10938,5372.799805,14795.7002,2803.919922,7426.109863,8987.549805,0.861309523,0.005951702,0.100338277,5.053181171,5.142778206,4.91089531,4.873631955,0.210932177
2015/3/16,3078.85498,24099.69922,2037.869995,28797.25,5339.200195,14540,2873.330078,7468.589844,9164.879883,0.861200331,0.00599187,0.10003145,5.039912822,5.117481801,4.91230526,4.900520625,0.211202103
2015/3/9,3002.849121,23335.58984,1999.359985,28599.0293,5296.700195,14450.7002,2827.449951,7250.509766,8902.299805,0.859792484,0.006043654,0.099465746,5.004276317,5.05172368,4.878275459,4.852829876,0.210545086
2015/3/2,3033.895996,23686.48047,2054.070068,28668.2207,5431.299805,14697.90039,2856.949951,7296.740234,9284.620117,0.858334554,0.005918251,0.099813327,5.070220746,5.06066223,4.898349707,4.816728219,0.212500002
2015/2/23,3004.702881,23297.15039,2043.630005,27865.96094,5435.899902,14725.90039,2869.469971,7361.089844,9166.849609,0.85591059,0.006027395,0.099751302,5.074224324,5.056251792,4.865286898,4.823149342,0.212032463
2015/2/16,3063.809082,23233.31055,2022.660034,27673.59961,5434,14585,2815.23999,7133.259766,9165.169922,0.867564589,0.006030976,0.100906525,5.113187205,5.121162637,4.837677732,4.772404881,0.21232099
2015/2/9,3090.940918,23374.40039,2033,28077.17969,5430.299805,14939,2831.060059,6958.399902,9306.570313,0.872080757,0.005954344,0.101123579,5.143910557,5.065923065,4.854605191,4.84241057,0.213165524
2015/2/2,3104.27002,22954.81055,2019.420044,27941.50977,5283.799805,14785.2998,2816.26001,6928.640137,9306.919922,0.874780802,0.005976175,0.101576184,5.154167779,5.056352143,4.87744218,4.860910497,0.214596644
2015/1/26,3125.316895,22642.61914,1982.02002,27274.15039,5180.799805,14509.2998,2788.800049,6708.470215,9068.150391,0.871036753,0.005890796,0.101152495,5.187360621,5.051747429,4.874344391,4.94546071,0.21478761
2015/1/19,3196.043945,22531.08984,1984.430054,26818.82031,5370.700195,14555.40039,2814.600098,6697.779785,8957.759766,0.877173091,0.005961268,0.100746447,5.137475652,5.02963748,4.813169859,4.838322003,0.212672671
2015/1/12,3192.855957,22344.21094,1974.579956,26150.24023,5359.399902,14864,2838.649902,6857.839844,9008.790039,0.88856374,0.005920658,0.101107527,5.04760148,5.103891901,4.828912365,4.823302939,0.215303152
2015/1/5,3261.937988,22723.44922,1974.459961,26316.33984,5507.799805,15075.40039,2859.330078,6899.620117,9159.070313,0.892431661,0.00586268,0.10103418,5.153525673,5.119297591,4.855731813,4.879591277,0.217472043
2014/12/29,3243.843018,22564.82031,1970.609985,26230.66016,5444,15052.5,2919.370117,6904.850098,9189.490234,0.887821558,0.005873331,0.101240234,5.125428027,5.166889062,4.834949329,4.89061732,0.215832859
2014/12/22,3232.883057,22760.98047,2024.689941,26747.17969,5560.600098,15312.2002,2956.129883,6893.299805,9392.679688,0.890107512,0.005905229,0.102381392,5.144272262,5.25944269,4.823518834,4.923861332,0.217082604
2014/12/15,3122.981934,22020.75,2042.23999,26489.56055,5532.899902,15252.2002,2937.860107,6760.240234,9326.780273,0.896122285,0.005949347,0.102576844,5.073496029,5.21107798,4.818099935,4.845612872,0.217243221
